{"cameraMode":{"drawMode":0,"name":"Shaded","section":"Shading Mode"},"sceneLighting":true,"audioPlay":false,"sceneViewState":{"showFog":true,"showMaterialUpdate":true,"showSkybox":true,"showFlares":true,"showImageEffects":true,"showParticleSystems":true},"in2DMode":false,"pivot":{"x":41.55461883544922,"y":6.400157928466797,"z":187.51608276367188},"rotation":{"x":0.013735722750425339,"y":-0.9365041255950928,"z":0.03691599890589714,"w":0.3484373688697815},"size":75.80912780761719,"orthographic":false}