{"cameraMode":{"drawMode":0,"name":"Shaded","section":"Shading Mode"},"sceneLighting":true,"audioPlay":false,"sceneViewState":{"showFog":true,"showMaterialUpdate":true,"showSkybox":true,"showFlares":true,"showImageEffects":true,"showParticleSystems":true},"in2DMode":false,"pivot":{"x":45.25780487060547,"y":7.985073089599609,"z":208.17208862304688},"rotation":{"x":0.045465242117643359,"y":0.9392930269241333,"z":-0.3111684322357178,"w":0.13724376261234284},"size":30.037979125976564,"orthographic":false}