{"cameraMode":{"drawMode":0,"name":"Shaded","section":"Shading Mode"},"sceneLighting":false,"audioPlay":false,"sceneViewState":{"showFog":true,"showMaterialUpdate":true,"showSkybox":false,"showFlares":true,"showImageEffects":true,"showParticleSystems":true},"in2DMode":false,"pivot":{"x":4.562992095947266,"y":12.573497772216797,"z":-56.51792526245117},"rotation":{"x":0.04305221885442734,"y":-0.9534235000610352,"z":0.16495980322360993,"w":0.24883410334587098},"size":17.92359161376953,"orthographic":false}