{"cameraMode":{"drawMode":0,"name":"Shaded","section":"Shading Mode"},"sceneLighting":true,"audioPlay":false,"sceneViewState":{"showFog":true,"showMaterialUpdate":true,"showSkybox":true,"showFlares":true,"showImageEffects":true,"showParticleSystems":true},"in2DMode":false,"pivot":{"x":41.951072692871097,"y":51.00593185424805,"z":140.70504760742188},"rotation":{"x":-0.023657703772187234,"y":-0.9438157081604004,"z":0.06928753107786179,"w":-0.32225993275642397},"size":13.778829574584961,"orthographic":false}