{"cameraMode":{"drawMode":0,"name":"Shaded","section":"Shading Mode"},"sceneLighting":false,"audioPlay":false,"sceneViewState":{"showFog":true,"showMaterialUpdate":true,"showSkybox":false,"showFlares":true,"showImageEffects":true,"showParticleSystems":true},"in2DMode":false,"pivot":{"x":-8.942577362060547,"y":-2.7766456604003908,"z":4.902244567871094},"rotation":{"x":-0.020887812599539758,"y":0.9530305862426758,"z":-0.06759767979383469,"w":-0.29449450969696047},"size":116.67337036132813,"orthographic":false}