{"cameraMode":{"drawMode":0,"name":"Shaded","section":"Shading Mode"},"sceneLighting":true,"audioPlay":false,"sceneViewState":{"showFog":true,"showMaterialUpdate":true,"showSkybox":true,"showFlares":true,"showImageEffects":true,"showParticleSystems":true},"in2DMode":false,"pivot":{"x":-9.793502807617188,"y":-3.3150558471679689,"z":-98.90342712402344},"rotation":{"x":0.028158169239759446,"y":0.9422194957733154,"z":-0.08199529349803925,"w":0.323583722114563},"size":221.4640655517578,"orthographic":false}