{"cameraMode":{"drawMode":0,"name":"Shaded","section":"Shading Mode"},"sceneLighting":false,"audioPlay":false,"sceneViewState":{"showFog":true,"showMaterialUpdate":true,"showSkybox":false,"showFlares":true,"showImageEffects":true,"showParticleSystems":true},"in2DMode":false,"pivot":{"x":0.014999981969594956,"y":-1.4901161193847657e-8,"z":0.0},"rotation":{"x":0.006129695102572441,"y":-0.9837825298309326,"z":0.03427707403898239,"w":0.1759529560804367},"size":1.930527687072754,"orthographic":false}