{"cameraMode":{"drawMode":0,"name":"Shaded","section":"Shading Mode"},"sceneLighting":false,"audioPlay":false,"sceneViewState":{"showFog":true,"showMaterialUpdate":true,"showSkybox":false,"showFlares":true,"showImageEffects":true,"showParticleSystems":true},"in2DMode":false,"pivot":{"x":2.947999954223633,"y":16.852380752563478,"z":-50.63608932495117},"rotation":{"x":-0.021026141941547395,"y":-0.9644941091537476,"z":0.08095554262399674,"w":-0.2505100667476654},"size":0.8022477030754089,"orthographic":false}