{"cameraMode":{"drawMode":0,"name":"Shaded","section":"Shading Mode"},"sceneLighting":true,"audioPlay":false,"sceneViewState":{"showFog":true,"showMaterialUpdate":true,"showSkybox":true,"showFlares":true,"showImageEffects":true,"showParticleSystems":true},"in2DMode":false,"pivot":{"x":-4023.712646484375,"y":-2186.97705078125,"z":-767.6223754882813},"rotation":{"x":-0.15368971228599549,"y":0.7463911771774292,"z":-0.1848486065864563,"w":-0.6205729246139526},"size":4895.90478515625,"orthographic":false}