{"cameraMode":{"drawMode":0,"name":"Shaded","section":"Shading Mode"},"sceneLighting":true,"audioPlay":false,"sceneViewState":{"showFog":true,"showMaterialUpdate":true,"showSkybox":false,"showFlares":true,"showImageEffects":true,"showParticleSystems":true},"in2DMode":false,"pivot":{"x":45.53838348388672,"y":18.349075317382814,"z":207.71002197265626},"rotation":{"x":-0.0006393424700945616,"y":0.9984159469604492,"z":0.011581373400986195,"w":0.055055227130651477},"size":400.103759765625,"orthographic":false}