{"cameraMode":{"drawMode":0,"name":"Shaded","section":"Shading Mode"},"sceneLighting":true,"audioPlay":false,"sceneViewState":{"showFog":true,"showMaterialUpdate":true,"showSkybox":true,"showFlares":true,"showImageEffects":true,"showParticleSystems":true},"in2DMode":false,"pivot":{"x":10.576570510864258,"y":19.258243560791017,"z":-59.11606216430664},"rotation":{"x":-0.10371818393468857,"y":0.5106390118598938,"z":-0.06221679970622063,"w":-0.8512458205223084},"size":9.644583702087403,"orthographic":false}